{
  "project_info": {
    "project_number": "762541665494",
    "project_id": "harvest-hero-a91e2",
    "storage_bucket": "harvest-hero-a91e2.appspot.com"
  },
  "client": [
    {
      "client_info": {
        "mobilesdk_app_id": "1:762541665494:android:c0303720dbbf9ed7386d77",
        "android_client_info": {
          "package_name": "com.example.harvesthero"
        }
      },
      "oauth_client": [
        {
          "client_id": "762541665494-jutbhjjv3u75a2oqt3hf168olpal2ofo.apps.googleusercontent.com",
          "client_type": 1,
          "android_info": {
            "package_name": "com.example.harvesthero",
            "certificate_hash": "c56c1e18a7516d1902e9c1a894dff2ea836222c9"
          }
        },
        {
          "client_id": "762541665494-4t6dmu9io1m79th2idf0upf9m73mosr7.apps.googleusercontent.com",
          "client_type": 3
        }
      ],
      "api_key": [
        {
          "current_key": "AIzaSyCoeFm3rUCDe8Wq4kY11W4MAUweHp_CSNo"
        }
      ],
      "services": {
        "appinvite_service": {
          "other_platform_oauth_client": [
            {
              "client_id": "762541665494-4t6dmu9io1m79th2idf0upf9m73mosr7.apps.googleusercontent.com",
              "client_type": 3
            }
          ]
        }
      }
    }
  ],
  "configuration_version": "1"
}